Keyword,"Comment Link","Video without links"
"clash of clans hack",https://www.youtube.com/watch?v=l9TNNR4W2hE&lc=Ugx2jW-hIqip1Z7H6Wp4AaABAg,https://www.youtube.com/watch?v=a2dnZDjdrnU
" ",https://www.youtube.com/watch?v=l9TNNR4W2hE&lc=UgxAU0B_JX30iUh6z6l4AaABAg,https://www.youtube.com/watch?v=vhpCFop_pAo
" ",https://www.youtube.com/watch?v=l9TNNR4W2hE&lc=UgwIx6vFLwVgp1iV1nl4AaABAg," "
" ",https://www.youtube.com/watch?v=l9TNNR4W2hE&lc=UgyUE_SxMZwJgi-_qeR4AaABAg," "
" ",https://www.youtube.com/watch?v=l9TNNR4W2hE&lc=UgyuzAS2yDbqizSvsyF4AaABAg," "
" ",https://www.youtube.com/watch?v=l9TNNR4W2hE&lc=Ugyhc4QGE2HTYf2mX2h4AaABAg," "
" ",https://www.youtube.com/watch?v=pzzfs6jCpAI&lc=Ugx98mBTqUIgaRodVbp4AaABAg," "
" ",https://www.youtube.com/watch?v=pzzfs6jCpAI&lc=Ugz6kk27I8-OHK-ltox4AaABAg," "
" ",https://www.youtube.com/watch?v=pzzfs6jCpAI&lc=Ugz4KfT3qkgOkTP05Cl4AaABAg," "
" ",https://www.youtube.com/watch?v=pzzfs6jCpAI&lc=UgxPCCks_xKAeYUb7sZ4AaABAg," "
" ",https://www.youtube.com/watch?v=pzzfs6jCpAI&lc=UgyX5f9IH5dJHUpJ1CJ4AaABAg," "
" ",https://www.youtube.com/watch?v=pzzfs6jCpAI&lc=Ugw6BXU_durhDLT67r54AaABAg," "
" ",https://www.youtube.com/watch?v=pzzfs6jCpAI&lc=UgwqgkQbNJhhglypsC94AaABAg," "
" ",https://www.youtube.com/watch?v=pzzfs6jCpAI&lc=UgzSW3PqhZ99KCfdNG14AaABAg," "
" ",https://www.youtube.com/watch?v=pzzfs6jCpAI&lc=UgyiDen2RpAV_1_pZ354AaABAg," "
" ",https://www.youtube.com/watch?v=pzzfs6jCpAI&lc=UgzJiE4ay1BFJEz9vaJ4AaABAg," "
" ",https://www.youtube.com/watch?v=pzzfs6jCpAI&lc=UgwEHASYiNplS2W6INJ4AaABAg," "
" ",https://www.youtube.com/watch?v=pzzfs6jCpAI&lc=UgzfiWC09OmRna7L6bF4AaABAg," "
" ",https://www.youtube.com/watch?v=pzzfs6jCpAI&lc=UgzmWrVzNyCUwo1_1ol4AaABAg," "
" ",https://www.youtube.com/watch?v=pzzfs6jCpAI&lc=UgyfKThKjL7iZFz38Ol4AaABAg," "
" ",https://www.youtube.com/watch?v=pzzfs6jCpAI&lc=UgyAPVgZPxV9swKYRhF4AaABAg," "
" ",https://www.youtube.com/watch?v=pzzfs6jCpAI&lc=UgwEGvwAWFdz_4tEBO54AaABAg," "
" ",https://www.youtube.com/watch?v=pzzfs6jCpAI&lc=UgygWGJoPOwtmkFTh6d4AaABAg," "
" ",https://www.youtube.com/watch?v=pzzfs6jCpAI&lc=UgzJNkxZ567YskmjYE54AaABAg," "
" ",https://www.youtube.com/watch?v=pzzfs6jCpAI&lc=UgxltXRLPTjj6RG6KNJ4AaABAg," "
" ",https://www.youtube.com/watch?v=pzzfs6jCpAI&lc=Ugz-sW5BbFzsyt2V3ZV4AaABAg," "
" ",https://www.youtube.com/watch?v=pzzfs6jCpAI&lc=Ugy4QbKDqC8EisTsYhl4AaABAg," "
" ",https://www.youtube.com/watch?v=pzzfs6jCpAI&lc=Ugy9MoR8ijFSvXSakP94AaABAg," "
" ",https://www.youtube.com/watch?v=pzzfs6jCpAI&lc=Ugyeh_tOT3dvzHvbtSJ4AaABAg," "
" ",https://www.youtube.com/watch?v=pzzfs6jCpAI&lc=UgzyFbvFnc0KrLX2jP54AaABAg," "
" ",https://www.youtube.com/watch?v=pzzfs6jCpAI&lc=UgzPsoq1JHTc0Y_MVt54AaABAg," "
" ",https://www.youtube.com/watch?v=pzzfs6jCpAI&lc=UgwCfkGv1t6W_kXtPIZ4AaABAg," "
" ",https://www.youtube.com/watch?v=pzzfs6jCpAI&lc=Ugz4ktfI5DbnlRW2ych4AaABAg," "
" ",https://www.youtube.com/watch?v=pzzfs6jCpAI&lc=UgxNvauoDf-fkLxxb5p4AaABAg," "
" ",https://www.youtube.com/watch?v=pzzfs6jCpAI&lc=Ugz4Yf26HmQ-ABpG2JV4AaABAg," "
" ",https://www.youtube.com/watch?v=pzzfs6jCpAI&lc=UgwRPGI40AJXQGWls2Z4AaABAg," "
" ",https://www.youtube.com/watch?v=pzzfs6jCpAI&lc=UgxvhRP2iedO4bLMVrp4AaABAg," "
" ",https://www.youtube.com/watch?v=pzzfs6jCpAI&lc=UgyTuBf5QNZ8nYSaQmZ4AaABAg," "
" ",https://www.youtube.com/watch?v=pzzfs6jCpAI&lc=UgzxGHYl4gDaQxjAQO94AaABAg," "
" ",https://www.youtube.com/watch?v=pzzfs6jCpAI&lc=UgyTBf53Bdp4yJuAMpp4AaABAg," "
" ",https://www.youtube.com/watch?v=pzzfs6jCpAI&lc=UgyWkczJ6aa7QIpn6214AaABAg," "
" ",https://www.youtube.com/watch?v=pzzfs6jCpAI&lc=UgwULYWykXjYANI24RF4AaABAg," "
" ",https://www.youtube.com/watch?v=pzzfs6jCpAI&lc=UgwqY6zno_QE6uzQWhp4AaABAg," "
" ",https://www.youtube.com/watch?v=pzzfs6jCpAI&lc=UgxBUX9BAa-EVvzOCe14AaABAg," "
" ",https://www.youtube.com/watch?v=pzzfs6jCpAI&lc=UgxDNxWyND8TP1zlYAl4AaABAg," "
" ",https://www.youtube.com/watch?v=pzzfs6jCpAI&lc=UgxvjypMH61YPKDyuxF4AaABAg," "
" ",https://www.youtube.com/watch?v=pzzfs6jCpAI&lc=UgyBaPmWW0q-W-W4VTl4AaABAg," "
" ",https://www.youtube.com/watch?v=pzzfs6jCpAI&lc=Ugwuq-djL2ilrLhgxVV4AaABAg," "
" ",https://www.youtube.com/watch?v=01By5eVUVBg&lc=UgzNUnIjVHzIUXHYvWZ4AaABAg," "
" ",https://www.youtube.com/watch?v=01By5eVUVBg&lc=UgyrgX7FO3UEt9JSk8h4AaABAg," "
" ",https://www.youtube.com/watch?v=01By5eVUVBg&lc=UgwlO-HYgkv8fzA11I14AaABAg," "
" ",https://www.youtube.com/watch?v=01By5eVUVBg&lc=UgydQD31Os5QQ-FfCIZ4AaABAg," "
" ",https://www.youtube.com/watch?v=01By5eVUVBg&lc=UgwD6Bpyauk-DXAhKE54AaABAg," "
" ",https://www.youtube.com/watch?v=01By5eVUVBg&lc=UgyzINTieX5EQZlU5LJ4AaABAg," "
" ",https://www.youtube.com/watch?v=01By5eVUVBg&lc=UgxcpZY38LW2aDL3tR14AaABAg," "
" ",https://www.youtube.com/watch?v=01By5eVUVBg&lc=UgylNlyz91qD1oKArkZ4AaABAg," "
" ",https://www.youtube.com/watch?v=01By5eVUVBg&lc=UgxOf92TbpS49Nx74Ox4AaABAg," "
"clash of clans unlimited gems",https://www.youtube.com/watch?v=7R5Z-htuB10&lc=UgwxTs9Jf2xbcNo6yFd4AaABAg," "
" ",https://www.youtube.com/watch?v=7R5Z-htuB10&lc=UgzomNc0IogBlPrwq1J4AaABAg," "
" ",https://www.youtube.com/watch?v=7R5Z-htuB10&lc=UgzmQURyUVacaATOn7B4AaABAg," "
" ",https://www.youtube.com/watch?v=7R5Z-htuB10&lc=UgyiOmKY5thXfhN7gfF4AaABAg," "
" ",https://www.youtube.com/watch?v=7R5Z-htuB10&lc=UgyLaRFY_I4Ku3mfsyh4AaABAg," "
" ",https://www.youtube.com/watch?v=7R5Z-htuB10&lc=UgwQvEG91tUvnakOdjp4AaABAg," "
" ",https://www.youtube.com/watch?v=7R5Z-htuB10&lc=UgzwTr67C-o5PS-Okr94AaABAg," "
" ",https://www.youtube.com/watch?v=7R5Z-htuB10&lc=Ugxg9tmCw24vTdjPhvd4AaABAg," "
" ",https://www.youtube.com/watch?v=Mn4BTN0pVBY&lc=Ugxmy40Q44XPsgVuLvd4AaABAg," "
" ",https://www.youtube.com/watch?v=Mn4BTN0pVBY&lc=UgwPKgj0doSVVpDIgH94AaABAg," "
" ",https://www.youtube.com/watch?v=Mn4BTN0pVBY&lc=UgzqD6SRFgISqs6o5Wd4AaABAg," "
" ",https://www.youtube.com/watch?v=Mn4BTN0pVBY&lc=UgzhsYDmGxwckC1G_ZJ4AaABAg," "
" ",https://www.youtube.com/watch?v=Mn4BTN0pVBY&lc=Ugxfe2sN05j5ZpVBbJR4AaABAg," "
" ",https://www.youtube.com/watch?v=Mn4BTN0pVBY&lc=UgyGiRKRVJ4BeXksDoR4AaABAg," "
" ",https://www.youtube.com/watch?v=Mn4BTN0pVBY&lc=Ugyh64Tb2l25vgcxaHt4AaABAg," "
" ",https://www.youtube.com/watch?v=Mn4BTN0pVBY&lc=Ugxypi9GGSCUuZFycVh4AaABAg," "
" ",https://www.youtube.com/watch?v=Mn4BTN0pVBY&lc=UgxaAr9RYWotEktC4lN4AaABAg," "
" ",https://www.youtube.com/watch?v=Mn4BTN0pVBY&lc=UgzXU2Sy4VtZ_j5YHCd4AaABAg," "
" ",https://www.youtube.com/watch?v=Mn4BTN0pVBY&lc=UgzwkDi-Gc0vcrkKwfB4AaABAg," "
" ",https://www.youtube.com/watch?v=Mn4BTN0pVBY&lc=Ugw2aV8SNT7Qn6IWgMV4AaABAg," "
" ",https://www.youtube.com/watch?v=Mn4BTN0pVBY&lc=UgzzlTA32_T39tc88kZ4AaABAg," "
" ",https://www.youtube.com/watch?v=Mn4BTN0pVBY&lc=Ugx7XVD4d-PW6W6sDjt4AaABAg," "
" ",https://www.youtube.com/watch?v=Mn4BTN0pVBY&lc=UgyYZl5EY27SIn628gF4AaABAg," "
" ",https://www.youtube.com/watch?v=Mn4BTN0pVBY&lc=UgxH166SfkPul_Au-xR4AaABAg," "
" ",https://www.youtube.com/watch?v=Mn4BTN0pVBY&lc=UgzANI6LUnWetwLkGn94AaABAg," "
